create sequence hibernate_sequence start with 1 increment by 1;
create table t_authorities (authorities_id number(19,0) not null, role_id number(19,0), username varchar2(50 char), primary key (authorities_id));
create table t_board (board_id number(19,0) not null, created_at timestamp, created_by varchar2(255 char), updated_at timestamp, updated_by varchar2(255 char), content clob not null, del_yn varchar2(1 char), secret varchar2(1 char), title varchar2(100 char) not null, view_count number(10,0), type varchar2(10 char), primary key (board_id));
create table t_board_type (type varchar2(10 char) not null, created_at timestamp, created_by varchar2(255 char), updated_at timestamp, updated_by varchar2(255 char), type_desc varchar2(255 char), name varchar2(100 char), primary key (type));
create table t_comment (comment_id number(19,0) not null, created_at timestamp, created_by varchar2(255 char), updated_at timestamp, updated_by varchar2(255 char), content clob not null, del_yn varchar2(1 char), password varchar2(100 char), secret varchar2(1 char), writer varchar2(50 char), board_id number(19,0), primary key (comment_id));
create table t_common_code (code varchar2(100 char) not null, group_cd varchar2(100 char) not null, created_at timestamp, created_by varchar2(255 char), updated_at timestamp, updated_by varchar2(255 char), data1 varchar2(100 char), data2 varchar2(100 char), data3 varchar2(100 char), data4 number(10,0), data5 number(10,0), group_nm varchar2(100 char) not null, name varchar2(50 char) not null, remark varchar2(200 char), sort number(10,0), use_yn varchar2(1 char), primary key (code, group_cd));
create table t_file (id number(19,0) not null, created_at timestamp, created_by varchar2(255 char), updated_at timestamp, updated_by varchar2(255 char), del_yn varchar2(1 char), file_desc varchar2(255 char), extension varchar2(10 char), file_nm varchar2(255 char), file_size number(19,0), file_type varchar2(30 char), save_nm varchar2(255 char), save_path varchar2(150 char), sort number(10,0), target_id varchar2(100 char), target_type varchar2(50 char), primary key (id));
create table t_menu (menu_id number(19,0) not null, created_at timestamp, created_by varchar2(255 char), updated_at timestamp, updated_by varchar2(255 char), d_level number(10,0), menu_grp_cd varchar2(100 char), menu_nm varchar2(100 char), parent_id number(19,0), prog_url varchar2(255 char), sort number(10,0), target_blank varchar2(255 char), use_yn varchar2(255 char), view_anony varchar2(255 char), primary key (menu_id));
create table t_resources (resources_id number(19,0) not null, url varchar2(255 char), primary key (resources_id));
create table t_role (role_id number(19,0) not null, role_name varchar2(100 char), primary key (role_id));
create table t_role_resource (role_resource_id number(19,0) not null, resources_id number(19,0), role_id number(19,0), primary key (role_resource_id));
create table t_user (username varchar2(20 char) not null, accountnonexpired varchar2(255 char), accountnonlocked varchar2(255 char), address varchar2(120 char), credentialsnonexpired varchar2(255 char), email varchar2(100 char), enabled varchar2(255 char), password varchar2(200 char) not null, phone varchar2(20 char), primary key (username));
alter table t_authorities add constraint FKieyvwqd4ja74o5vpnfr4ivbxn foreign key (role_id) references t_role;
alter table t_authorities add constraint FK2vsvnhavwx6f5qei6qpg6lf4 foreign key (username) references t_user;
alter table t_board add constraint FK3kbl1uyru5mq59e0x0e4yxaf5 foreign key (type) references t_board_type;
alter table t_comment add constraint FKjrddp9nnlc8u4mehg8q7ssbhm foreign key (board_id) references t_board;
alter table t_menu add constraint FK4paxqyebl0scq6ur9osr0f56k foreign key (parent_id) references t_menu;
alter table t_role_resource add constraint FKe9end1043jxgke9d6troai43h foreign key (resources_id) references t_resources;
alter table t_role_resource add constraint FKjoc0b6anonklrmwalu5g6udfl foreign key (role_id) references t_role;

INSERT INTO T_USER (USERNAME, PASSWORD, ACCOUNTNONEXPIRED, ACCOUNTNONLOCKED, CREDENTIALSNONEXPIRED, ENABLED) VALUES ('system', '$2a$10$9Uraz7S4LZTFttdqJgE5v.rrIW54wZgFh3nQ7e0hCs9CiPhckfoG.', 'Y', 'Y', 'Y', 'Y');
INSERT INTO T_USER (USERNAME, PASSWORD, ACCOUNTNONEXPIRED, ACCOUNTNONLOCKED, CREDENTIALSNONEXPIRED, ENABLED) VALUES ('admin', '$2a$10$9Uraz7S4LZTFttdqJgE5v.rrIW54wZgFh3nQ7e0hCs9CiPhckfoG.', 'Y', 'Y', 'Y', 'Y');
INSERT INTO T_USER (USERNAME, PASSWORD, ACCOUNTNONEXPIRED, ACCOUNTNONLOCKED, CREDENTIALSNONEXPIRED, ENABLED) VALUES ('ksh', '$2a$10$9Uraz7S4LZTFttdqJgE5v.rrIW54wZgFh3nQ7e0hCs9CiPhckfoG.', 'Y', 'Y', 'Y', 'Y');
INSERT INTO T_USER (USERNAME, PASSWORD, ACCOUNTNONEXPIRED, ACCOUNTNONLOCKED, CREDENTIALSNONEXPIRED, ENABLED) VALUES ('user', '$2a$10$9Uraz7S4LZTFttdqJgE5v.rrIW54wZgFh3nQ7e0hCs9CiPhckfoG.', 'Y', 'Y', 'Y', 'Y');
insert into T_RESOURCES (RESOURCES_ID, URL) values (1,'/user');
insert into T_RESOURCES (RESOURCES_ID, URL) values (2,'/admin');
insert into T_RESOURCES (RESOURCES_ID, URL) values (3,'/sample');
insert into T_RESOURCES (RESOURCES_ID, URL) values (4,'/system');
insert into T_RESOURCES (RESOURCES_ID, URL) values (5,'/board/SAMPLE');
insert into T_RESOURCES (RESOURCES_ID, URL) values (6,'/actuator/beans');
insert into T_RESOURCES (RESOURCES_ID, URL) values (7,'/actuator/mappings');
insert into T_ROLE(ROLE_ID, ROLE_NAME) values (1,'ROLE_SYSTEM');
insert into T_ROLE(ROLE_ID, ROLE_NAME) values (2,'ROLE_ADMIN');
insert into T_ROLE(ROLE_ID, ROLE_NAME) values (3,'ROLE_USER');
insert into T_ROLE_RESOURCE(ROLE_RESOURCE_ID, ROLE_ID, RESOURCES_ID) values (1,1,2);
insert into T_ROLE_RESOURCE(ROLE_RESOURCE_ID, ROLE_ID, RESOURCES_ID) values (2,1,3);
insert into T_ROLE_RESOURCE(ROLE_RESOURCE_ID, ROLE_ID, RESOURCES_ID) values (3,1,4);
insert into T_ROLE_RESOURCE(ROLE_RESOURCE_ID, ROLE_ID, RESOURCES_ID) values (4,2,2);
insert into T_ROLE_RESOURCE(ROLE_RESOURCE_ID, ROLE_ID, RESOURCES_ID) values (5,2,3);
insert into T_ROLE_RESOURCE(ROLE_RESOURCE_ID, ROLE_ID, RESOURCES_ID) values (6,2,5);
insert into T_ROLE_RESOURCE(ROLE_RESOURCE_ID, ROLE_ID, RESOURCES_ID) values (7,2,6);
insert into T_ROLE_RESOURCE(ROLE_RESOURCE_ID, ROLE_ID, RESOURCES_ID) values (8,1,7);
insert into T_ROLE_RESOURCE(ROLE_RESOURCE_ID, ROLE_ID, RESOURCES_ID) values (9,3,5);
insert into T_AUTHORITIES(AUTHORITIES_ID, USERNAME, ROLE_ID) values (1,'ksh',2);
insert into T_AUTHORITIES(AUTHORITIES_ID, USERNAME, ROLE_ID) values (2,'system',2);
insert into T_AUTHORITIES(AUTHORITIES_ID, USERNAME, ROLE_ID) values (3,'admin',2);
insert into T_AUTHORITIES(AUTHORITIES_ID, USERNAME, ROLE_ID) values (4,'user',3);
insert into T_AUTHORITIES(AUTHORITIES_ID, USERNAME, ROLE_ID) values (5,'system',1);
insert into T_AUTHORITIES(AUTHORITIES_ID, USERNAME, ROLE_ID) values (6,'system',3);
INSERT INTO T_BOARD_TYPE(TYPE, NAME, TYPE_DESC) VALUES ('SAMPLE', 'SAMPLE BOARD', '샘플용 게시판입니다.');
INSERT INTO T_BOARD (BOARD_ID, TITLE, CONTENT, VIEW_COUNT, SECRET, DEL_YN, TYPE, CREATED_BY, CREATED_AT ) VALUES (1, 'TITLE', 'CONTENTS', 0, 'N', 'N', 'SAMPLE', 'ksh', '2017-05-10 09:29:29.437');
INSERT INTO T_BOARD (BOARD_ID, TITLE, CONTENT, VIEW_COUNT, SECRET, DEL_YN, TYPE, CREATED_BY, CREATED_AT ) VALUES (2, 'TITLE2', 'CONTENTS2', 0, 'N', 'N', 'SAMPLE', 'ksh', '2017-05-10 09:29:29.437');
INSERT INTO T_BOARD (BOARD_ID, TITLE, CONTENT, VIEW_COUNT, SECRET, DEL_YN, TYPE, CREATED_BY, CREATED_AT ) VALUES (3, 'TITLE333', 'CONTENTS', 0, 'N', 'N', 'SAMPLE', 'aaa', '2017-05-10 09:29:29.437');
INSERT INTO T_COMMON_CODE (GROUP_CD, GROUP_NM, CODE, NAME, SORT, USE_YN) VALUES ('USER_STATUS', '계정상태', 'NORMAL', '활성', '1', 'Y');
INSERT INTO T_COMMON_CODE (GROUP_CD, GROUP_NM, CODE, NAME, SORT, USE_YN) VALUES ('USER_STATUS', '계정상태', 'ACCOUNT_LOCK', '잠김', '2', 'Y');
INSERT INTO T_COMMON_CODE (GROUP_CD, GROUP_NM, CODE, NAME, SORT, USE_YN) VALUES ('MENU_GROUP', '메뉴 그룹', 'SYSTEM', '시스템 그룹', '1', 'Y');
INSERT INTO T_COMMON_CODE (GROUP_CD, GROUP_NM, CODE, NAME, SORT, USE_YN) VALUES ('MENU_GROUP', '메뉴 그룹', 'ADMIN', '관리자 그룹', '2', 'Y');
INSERT INTO T_COMMON_CODE (GROUP_CD, GROUP_NM, CODE, NAME, SORT, USE_YN) VALUES ('MENU_GROUP', '메뉴 그룹', 'USER', '사용자 그룹', '3', 'Y');
INSERT INTO T_COMMON_CODE (GROUP_CD, GROUP_NM, CODE, NAME, SORT, USE_YN) VALUES ('USER_ROLE', '사용자 롤', 'SYSTEM', '시스템 접근 권한', '1', 'Y');
INSERT INTO T_COMMON_CODE (GROUP_CD, GROUP_NM, CODE, NAME, SORT, USE_YN) VALUES ('USER_ROLE', '사용자 롤', 'ADMIN', '관리자 접근 권한', '2', 'Y');
INSERT INTO T_COMMON_CODE (GROUP_CD, GROUP_NM, CODE, NAME, SORT, USE_YN) VALUES ('USER_ROLE', '사용자 롤', 'USER', '사용자 접근 권한', '3', 'Y');
INSERT INTO T_COMMON_CODE (GROUP_CD, GROUP_NM, CODE, NAME, SORT, USE_YN) VALUES ('ZTEST_CODE_1', '테스트 코드 1', '1', '1', '3', 'Y');
INSERT INTO T_COMMON_CODE (GROUP_CD, GROUP_NM, CODE, NAME, SORT, USE_YN) VALUES ('ZTEST_CODE_1', '테스트 코드 1', '2', '2', '4', 'Y');
INSERT INTO T_COMMON_CODE (GROUP_CD, GROUP_NM, CODE, NAME, SORT, USE_YN) VALUES ('ZTEST_CODE_1', '테스트 코드 1', '3', '3', '5', 'Y');
INSERT INTO T_COMMON_CODE (GROUP_CD, GROUP_NM, CODE, NAME, SORT, USE_YN) VALUES ('ZTEST_CODE_1', '테스트 코드 1', '4', '4', '6', 'Y');
INSERT INTO T_COMMON_CODE (GROUP_CD, GROUP_NM, CODE, NAME, SORT, USE_YN) VALUES ('ZTEST_CODE_1', '테스트 코드 1', '5', '5', '7', 'Y');
INSERT INTO T_COMMON_CODE (GROUP_CD, GROUP_NM, CODE, NAME, SORT, USE_YN) VALUES ('ZTEST_CODE_1', '테스트 코드 1', '6', '6', '8', 'Y');
INSERT INTO T_COMMON_CODE (GROUP_CD, GROUP_NM, CODE, NAME, SORT, USE_YN) VALUES ('ZTEST_CODE_1', '테스트 코드 1', '7', '7', '9', 'Y');
INSERT INTO T_COMMON_CODE (GROUP_CD, GROUP_NM, CODE, NAME, SORT, USE_YN) VALUES ('ZTEST_CODE_1', '테스트 코드 1', '8', '8', '10', 'Y');
INSERT INTO T_COMMON_CODE (GROUP_CD, GROUP_NM, CODE, NAME, SORT, USE_YN) VALUES ('ZTEST_CODE_1', '테스트 코드 1', '9', '9', '11', 'Y');
INSERT INTO T_COMMON_CODE (GROUP_CD, GROUP_NM, CODE, NAME, SORT, USE_YN) VALUES ('ZTEST_CODE_1', '테스트 코드 1', '10', '10', '12', 'Y');
INSERT INTO T_COMMON_CODE (GROUP_CD, GROUP_NM, CODE, NAME, SORT, USE_YN) VALUES ('ZTEST_CODE_1', '테스트 코드 1', '11', '11', '13', 'Y');
INSERT INTO T_COMMON_CODE (GROUP_CD, GROUP_NM, CODE, NAME, SORT, USE_YN) VALUES ('ZTEST_CODE_1', '테스트 코드 1', '12', '12', '14', 'Y');
INSERT INTO T_COMMON_CODE (GROUP_CD, GROUP_NM, CODE, NAME, SORT, USE_YN) VALUES ('ZTEST_CODE_1', '테스트 코드 1', '13', '13', '15', 'Y');
INSERT INTO T_COMMON_CODE (GROUP_CD, GROUP_NM, CODE, NAME, SORT, USE_YN) VALUES ('ZTEST_CODE_2', '테스트 코드 2', '1', '1', '3', 'Y');
INSERT INTO T_COMMON_CODE (GROUP_CD, GROUP_NM, CODE, NAME, SORT, USE_YN) VALUES ('ZTEST_CODE_2', '테스트 코드 2', '2', '2', '4', 'Y');
INSERT INTO T_COMMON_CODE (GROUP_CD, GROUP_NM, CODE, NAME, SORT, USE_YN) VALUES ('ZTEST_CODE_2', '테스트 코드 2', '3', '3', '5', 'Y');
INSERT INTO T_COMMON_CODE (GROUP_CD, GROUP_NM, CODE, NAME, SORT, USE_YN) VALUES ('ZTEST_CODE_2', '테스트 코드 2', '4', '4', '6', 'Y');
INSERT INTO T_COMMON_CODE (GROUP_CD, GROUP_NM, CODE, NAME, SORT, USE_YN) VALUES ('ZTEST_CODE_2', '테스트 코드 2', '5', '5', '7', 'Y');
INSERT INTO T_COMMON_CODE (GROUP_CD, GROUP_NM, CODE, NAME, SORT, USE_YN) VALUES ('ZTEST_CODE_2', '테스트 코드 2', '6', '6', '8', 'Y');
INSERT INTO T_COMMON_CODE (GROUP_CD, GROUP_NM, CODE, NAME, SORT, USE_YN) VALUES ('ZTEST_CODE_2', '테스트 코드 2', '7', '7', '9', 'Y');
INSERT INTO T_COMMON_CODE (GROUP_CD, GROUP_NM, CODE, NAME, SORT, USE_YN) VALUES ('ZTEST_CODE_2', '테스트 코드 2', '8', '8', '10', 'Y');
INSERT INTO T_COMMON_CODE (GROUP_CD, GROUP_NM, CODE, NAME, SORT, USE_YN) VALUES ('ZTEST_CODE_2', '테스트 코드 2', '9', '9', '11', 'Y');
INSERT INTO T_COMMON_CODE (GROUP_CD, GROUP_NM, CODE, NAME, SORT, USE_YN) VALUES ('ZTEST_CODE_2', '테스트 코드 2', '10', '10', '12', 'Y');
INSERT INTO T_COMMON_CODE (GROUP_CD, GROUP_NM, CODE, NAME, SORT, USE_YN) VALUES ('ZTEST_CODE_2', '테스트 코드 2', '11', '11', '13', 'Y');
INSERT INTO T_COMMON_CODE (GROUP_CD, GROUP_NM, CODE, NAME, SORT, USE_YN) VALUES ('ZTEST_CODE_2', '테스트 코드 2', '12', '12', '14', 'Y');
INSERT INTO T_COMMON_CODE (GROUP_CD, GROUP_NM, CODE, NAME, SORT, USE_YN) VALUES ('ZTEST_CODE_2', '테스트 코드 2', '13', '13', '15', 'Y');
INSERT INTO T_COMMON_CODE (GROUP_CD, GROUP_NM, CODE, NAME, SORT, USE_YN) VALUES ('ZTEST_CODE_3', '테스트 코드 3', '1', '1', '3', 'Y');
INSERT INTO T_COMMON_CODE (GROUP_CD, GROUP_NM, CODE, NAME, SORT, USE_YN) VALUES ('ZTEST_CODE_3', '테스트 코드 3', '2', '2', '4', 'Y');
INSERT INTO T_COMMON_CODE (GROUP_CD, GROUP_NM, CODE, NAME, SORT, USE_YN) VALUES ('ZTEST_CODE_3', '테스트 코드 3', '3', '3', '5', 'Y');
INSERT INTO T_COMMON_CODE (GROUP_CD, GROUP_NM, CODE, NAME, SORT, USE_YN) VALUES ('ZTEST_CODE_3', '테스트 코드 3', '4', '4', '6', 'Y');
INSERT INTO T_COMMON_CODE (GROUP_CD, GROUP_NM, CODE, NAME, SORT, USE_YN) VALUES ('ZTEST_CODE_3', '테스트 코드 3', '5', '5', '7', 'Y');
INSERT INTO T_COMMON_CODE (GROUP_CD, GROUP_NM, CODE, NAME, SORT, USE_YN) VALUES ('ZTEST_CODE_3', '테스트 코드 3', '6', '6', '8', 'Y');
INSERT INTO T_COMMON_CODE (GROUP_CD, GROUP_NM, CODE, NAME, SORT, USE_YN) VALUES ('ZTEST_CODE_3', '테스트 코드 3', '7', '7', '9', 'Y');
INSERT INTO T_COMMON_CODE (GROUP_CD, GROUP_NM, CODE, NAME, SORT, USE_YN) VALUES ('ZTEST_CODE_3', '테스트 코드 3', '8', '8', '10', 'Y');
INSERT INTO T_COMMON_CODE (GROUP_CD, GROUP_NM, CODE, NAME, SORT, USE_YN) VALUES ('ZTEST_CODE_3', '테스트 코드 3', '9', '9', '11', 'Y');
INSERT INTO T_COMMON_CODE (GROUP_CD, GROUP_NM, CODE, NAME, SORT, USE_YN) VALUES ('ZTEST_CODE_3', '테스트 코드 3', '10', '10', '12', 'Y');
INSERT INTO T_COMMON_CODE (GROUP_CD, GROUP_NM, CODE, NAME, SORT, USE_YN) VALUES ('ZTEST_CODE_3', '테스트 코드 3', '11', '11', '13', 'Y');
INSERT INTO T_COMMON_CODE (GROUP_CD, GROUP_NM, CODE, NAME, SORT, USE_YN) VALUES ('ZTEST_CODE_3', '테스트 코드 3', '12', '12', '14', 'Y');
INSERT INTO T_COMMON_CODE (GROUP_CD, GROUP_NM, CODE, NAME, SORT, USE_YN) VALUES ('ZTEST_CODE_3', '테스트 코드 3', '13', '13', '15', 'Y');
INSERT INTO T_COMMON_CODE (GROUP_CD, GROUP_NM, CODE, NAME, SORT, USE_YN) VALUES ('ZTEST_CODE_4', '테스트 코드 4', '1', '1', '3', 'Y');
INSERT INTO T_COMMON_CODE (GROUP_CD, GROUP_NM, CODE, NAME, SORT, USE_YN) VALUES ('ZTEST_CODE_4', '테스트 코드 4', '2', '2', '4', 'Y');
INSERT INTO T_COMMON_CODE (GROUP_CD, GROUP_NM, CODE, NAME, SORT, USE_YN) VALUES ('ZTEST_CODE_4', '테스트 코드 4', '3', '3', '5', 'Y');
INSERT INTO T_COMMON_CODE (GROUP_CD, GROUP_NM, CODE, NAME, SORT, USE_YN) VALUES ('ZTEST_CODE_4', '테스트 코드 4', '4', '4', '6', 'Y');
INSERT INTO T_COMMON_CODE (GROUP_CD, GROUP_NM, CODE, NAME, SORT, USE_YN) VALUES ('ZTEST_CODE_4', '테스트 코드 4', '5', '5', '7', 'Y');
INSERT INTO T_COMMON_CODE (GROUP_CD, GROUP_NM, CODE, NAME, SORT, USE_YN) VALUES ('ZTEST_CODE_4', '테스트 코드 4', '6', '6', '8', 'Y');
INSERT INTO T_COMMON_CODE (GROUP_CD, GROUP_NM, CODE, NAME, SORT, USE_YN) VALUES ('ZTEST_CODE_4', '테스트 코드 4', '7', '7', '9', 'Y');
INSERT INTO T_COMMON_CODE (GROUP_CD, GROUP_NM, CODE, NAME, SORT, USE_YN) VALUES ('ZTEST_CODE_4', '테스트 코드 4', '8', '8', '10', 'Y');
INSERT INTO T_COMMON_CODE (GROUP_CD, GROUP_NM, CODE, NAME, SORT, USE_YN) VALUES ('ZTEST_CODE_4', '테스트 코드 4', '9', '9', '11', 'Y');
INSERT INTO T_COMMON_CODE (GROUP_CD, GROUP_NM, CODE, NAME, SORT, USE_YN) VALUES ('ZTEST_CODE_4', '테스트 코드 4', '10', '10', '12', 'Y');
INSERT INTO T_COMMON_CODE (GROUP_CD, GROUP_NM, CODE, NAME, SORT, USE_YN) VALUES ('ZTEST_CODE_4', '테스트 코드 4', '11', '11', '13', 'Y');
INSERT INTO T_COMMON_CODE (GROUP_CD, GROUP_NM, CODE, NAME, SORT, USE_YN) VALUES ('ZTEST_CODE_4', '테스트 코드 4', '12', '12', '14', 'Y');
INSERT INTO T_COMMON_CODE (GROUP_CD, GROUP_NM, CODE, NAME, SORT, USE_YN) VALUES ('ZTEST_CODE_4', '테스트 코드 4', '13', '13', '15', 'Y');
INSERT INTO T_MENU(MENU_ID, MENU_GRP_CD, PARENT_ID, D_LEVEL, SORT, USE_YN, TARGET_BLANK, VIEW_ANONY, MENU_NM, PROG_URL) VALUES (1, 'SYSTEM', null, 0, 0, 'Y', 'N', 'Y', 'Main', '/sample');
INSERT INTO T_MENU(MENU_ID, MENU_GRP_CD, PARENT_ID, D_LEVEL, SORT, USE_YN, TARGET_BLANK, VIEW_ANONY, MENU_NM, PROG_URL) VALUES (2, 'SYSTEM', null, 0, 1, 'Y', 'N', 'N', 'Menu Mng', '/system/menuMng');
INSERT INTO T_MENU(MENU_ID, MENU_GRP_CD, PARENT_ID, D_LEVEL, SORT, USE_YN, TARGET_BLANK, VIEW_ANONY, MENU_NM, PROG_URL) VALUES (3, 'SYSTEM', null, 0, 2, 'Y', 'N', 'N', 'Board Mng', '/system/boardMng');
INSERT INTO T_MENU(MENU_ID, MENU_GRP_CD, PARENT_ID, D_LEVEL, SORT, USE_YN, TARGET_BLANK, VIEW_ANONY, MENU_NM, PROG_URL) VALUES (4, 'SYSTEM', null, 0, 3, 'Y', 'N', 'N', 'Board', '/board/SAMPLE');
INSERT INTO T_MENU(MENU_ID, MENU_GRP_CD, PARENT_ID, D_LEVEL, SORT, USE_YN, TARGET_BLANK, VIEW_ANONY, MENU_NM, PROG_URL) VALUES (5, 'SYSTEM', null, 0, 4, 'Y', 'N', 'N', 'Pagination', '/sample/paging');
INSERT INTO T_MENU(MENU_ID, MENU_GRP_CD, PARENT_ID, D_LEVEL, SORT, USE_YN, TARGET_BLANK, VIEW_ANONY, MENU_NM, PROG_URL) VALUES (6, 'SYSTEM', null, 0, 5, 'Y', 'N', 'N', 'Locale', '/sample/locale');
INSERT INTO T_MENU(MENU_ID, MENU_GRP_CD, PARENT_ID, D_LEVEL, SORT, USE_YN, TARGET_BLANK, VIEW_ANONY, MENU_NM, PROG_URL) VALUES (7, 'SYSTEM', null, 0, 6, 'Y', 'N', 'N', 'Validate', '/sample/valid');
INSERT INTO T_MENU(MENU_ID, MENU_GRP_CD, PARENT_ID, D_LEVEL, SORT, USE_YN, TARGET_BLANK, VIEW_ANONY, MENU_NM, PROG_URL) VALUES (8, 'SYSTEM', null, 0, 7, 'Y', 'N', 'N', 'CommonCode Mng', '/system/code');
INSERT INTO T_MENU(MENU_ID, MENU_GRP_CD, PARENT_ID, D_LEVEL, SORT, USE_YN, TARGET_BLANK, VIEW_ANONY, MENU_NM, PROG_URL) VALUES (9, 'SYSTEM', null, 0, 8, 'Y', 'N', 'N', 'EhCache', '/sample/cache');
INSERT INTO T_MENU(MENU_ID, MENU_GRP_CD, PARENT_ID, D_LEVEL, SORT, USE_YN, TARGET_BLANK, VIEW_ANONY, MENU_NM, PROG_URL) VALUES (10, 'SYSTEM', null, 0, 9, 'Y', 'N', 'N', 'File', '/sample/file');
INSERT INTO T_MENU(MENU_ID, MENU_GRP_CD, PARENT_ID, D_LEVEL, SORT, USE_YN, TARGET_BLANK, VIEW_ANONY, MENU_NM, PROG_URL) VALUES (11, 'SYSTEM', null, 0, 10, 'Y', 'Y', 'N', 'H2 Console', '/h2-console');
INSERT INTO T_MENU(MENU_ID, MENU_GRP_CD, PARENT_ID, D_LEVEL, SORT, USE_YN, TARGET_BLANK, VIEW_ANONY, MENU_NM, PROG_URL) VALUES (12, 'SYSTEM', null, 0, 11, 'Y', 'N', 'N', 'Actuator', '#');
INSERT INTO T_MENU(MENU_ID, MENU_GRP_CD, PARENT_ID, D_LEVEL, SORT, USE_YN, TARGET_BLANK, VIEW_ANONY, MENU_NM, PROG_URL) VALUES (13, 'SYSTEM', 12, 1, 0, 'Y', 'Y', 'N', 'Health', '/actuator/health');
INSERT INTO T_MENU(MENU_ID, MENU_GRP_CD, PARENT_ID, D_LEVEL, SORT, USE_YN, TARGET_BLANK, VIEW_ANONY, MENU_NM, PROG_URL) VALUES (14, 'SYSTEM', 12, 1, 1, 'Y', 'Y', 'N', 'Mappings', '/actuator/mappings');
INSERT INTO T_MENU(MENU_ID, MENU_GRP_CD, PARENT_ID, D_LEVEL, SORT, USE_YN, TARGET_BLANK, VIEW_ANONY, MENU_NM, PROG_URL) VALUES (15, 'SYSTEM', 12, 1, 2, 'Y', 'Y', 'N', 'dump', '/actuator/dump');
INSERT INTO T_MENU(MENU_ID, MENU_GRP_CD, PARENT_ID, D_LEVEL, SORT, USE_YN, TARGET_BLANK, VIEW_ANONY, MENU_NM, PROG_URL) VALUES (16, 'SYSTEM', 12, 1, 3, 'Y', 'Y', 'N', 'beans', '/actuator/beans');
INSERT INTO T_MENU(MENU_ID, MENU_GRP_CD, PARENT_ID, D_LEVEL, SORT, USE_YN, TARGET_BLANK, VIEW_ANONY, MENU_NM, PROG_URL) VALUES (17, 'SYSTEM', 12, 1, 4, 'Y', 'Y', 'N', 'autoConfig', '/actuator/autoconfig');
INSERT INTO T_MENU(MENU_ID, MENU_GRP_CD, PARENT_ID, D_LEVEL, SORT, USE_YN, TARGET_BLANK, VIEW_ANONY, MENU_NM, PROG_URL) VALUES (18, 'SYSTEM', 12, 1, 5, 'Y', 'Y', 'N', 'env', '/actuator/env');
INSERT INTO T_MENU(MENU_ID, MENU_GRP_CD, PARENT_ID, D_LEVEL, SORT, USE_YN, TARGET_BLANK, VIEW_ANONY, MENU_NM, PROG_URL) VALUES (19, 'SYSTEM', 12, 1, 6, 'Y', 'Y', 'N', 'info', '/actuator/info');
INSERT INTO T_MENU(MENU_ID, MENU_GRP_CD, PARENT_ID, D_LEVEL, SORT, USE_YN, TARGET_BLANK, VIEW_ANONY, MENU_NM, PROG_URL) VALUES (20, 'SYSTEM', 12, 1, 7, 'Y', 'Y', 'N', 'trace', '/actuator/trace');
INSERT INTO T_MENU(MENU_ID, MENU_GRP_CD, PARENT_ID, D_LEVEL, SORT, USE_YN, TARGET_BLANK, VIEW_ANONY, MENU_NM, PROG_URL) VALUES (21, 'SYSTEM', 12, 1, 8, 'Y', 'Y', 'N', 'auditevents', '/actuator/auditevents');
INSERT INTO T_MENU(MENU_ID, MENU_GRP_CD, PARENT_ID, D_LEVEL, SORT, USE_YN, TARGET_BLANK, VIEW_ANONY, MENU_NM, PROG_URL) VALUES (22, 'SYSTEM', 12, 1, 9, 'Y', 'Y', 'N', 'metrics', '/actuator/metrics');
INSERT INTO T_MENU(MENU_ID, MENU_GRP_CD, PARENT_ID, D_LEVEL, SORT, USE_YN, TARGET_BLANK, VIEW_ANONY, MENU_NM, PROG_URL) VALUES (23, 'SYSTEM', 12, 1, 10, 'Y', 'Y', 'N', 'loggers', '/actuator/loggers');
INSERT INTO T_MENU(MENU_ID, MENU_GRP_CD, PARENT_ID, D_LEVEL, SORT, USE_YN, TARGET_BLANK, VIEW_ANONY, MENU_NM, PROG_URL) VALUES (24, 'SYSTEM', 12, 1, 11, 'Y', 'Y', 'N', 'configprops', '/actuator/configprops');