
INSERT INTO T_USER (USERNAME, PASSWORD, ACCOUNTNONEXPIRED, ACCOUNTNONLOCKED, CREDENTIALSNONEXPIRED, ENABLED) VALUES ('system', '$2a$10$9Uraz7S4LZTFttdqJgE5v.rrIW54wZgFh3nQ7e0hCs9CiPhckfoG.', 'Y',	'Y', 'Y', 'Y');
INSERT INTO T_USER (USERNAME, PASSWORD, ACCOUNTNONEXPIRED, ACCOUNTNONLOCKED, CREDENTIALSNONEXPIRED, ENABLED) VALUES ('admin', '$2a$10$9Uraz7S4LZTFttdqJgE5v.rrIW54wZgFh3nQ7e0hCs9CiPhckfoG.', 'Y', 'Y',	'Y', 'Y');
INSERT INTO T_USER (USERNAME, PASSWORD, ACCOUNTNONEXPIRED, ACCOUNTNONLOCKED, CREDENTIALSNONEXPIRED, ENABLED) VALUES ('ksh', '$2a$10$9Uraz7S4LZTFttdqJgE5v.rrIW54wZgFh3nQ7e0hCs9CiPhckfoG.',	'Y', 'Y', 'Y', 'Y');
INSERT INTO T_USER (USERNAME, PASSWORD, ACCOUNTNONEXPIRED, ACCOUNTNONLOCKED, CREDENTIALSNONEXPIRED, ENABLED) VALUES ('user', '$2a$10$9Uraz7S4LZTFttdqJgE5v.rrIW54wZgFh3nQ7e0hCs9CiPhckfoG.', 'Y', 'Y', 'Y', 'Y');


insert  into T_RESOURCES (RESOURCES_ID, URL) values (1,'/user');
insert  into T_RESOURCES (RESOURCES_ID, URL) values (2,'/admin');
insert  into T_RESOURCES (RESOURCES_ID, URL) values (3,'/sample');
insert  into T_RESOURCES (RESOURCES_ID, URL) values (4,'/system');
insert  into T_RESOURCES (RESOURCES_ID, URL) values (5,'/board/SAMPLE');
insert  into T_RESOURCES (RESOURCES_ID, URL) values (6,'/actuator/beans');
insert  into T_RESOURCES (RESOURCES_ID, URL) values (7,'/actuator/mappings');

insert  into T_ROLE(ROLE_ID, ROLE_NAME) values (1,'ROLE_SYSTEM');
insert  into T_ROLE(ROLE_ID, ROLE_NAME) values (2,'ROLE_ADMIN');
insert  into T_ROLE(ROLE_ID, ROLE_NAME) values (3,'ROLE_USER');

insert  into T_ROLE_RESOURCE(ROLE_RESOURCE_ID, ROLE_ID, RESOURCES_ID) values (1,1,2);
insert  into T_ROLE_RESOURCE(ROLE_RESOURCE_ID, ROLE_ID, RESOURCES_ID) values (2,1,3);
insert  into T_ROLE_RESOURCE(ROLE_RESOURCE_ID, ROLE_ID, RESOURCES_ID) values (3,1,4);
insert  into T_ROLE_RESOURCE(ROLE_RESOURCE_ID, ROLE_ID, RESOURCES_ID) values (4,2,2);
insert  into T_ROLE_RESOURCE(ROLE_RESOURCE_ID, ROLE_ID, RESOURCES_ID) values (5,2,3);
insert  into T_ROLE_RESOURCE(ROLE_RESOURCE_ID, ROLE_ID, RESOURCES_ID) values (6,2,5);
insert  into T_ROLE_RESOURCE(ROLE_RESOURCE_ID, ROLE_ID, RESOURCES_ID) values (7,2,6);
insert  into T_ROLE_RESOURCE(ROLE_RESOURCE_ID, ROLE_ID, RESOURCES_ID) values (8,1,7);
insert  into T_ROLE_RESOURCE(ROLE_RESOURCE_ID, ROLE_ID, RESOURCES_ID) values (9,3,5);

insert  into T_AUTHORITIES(AUTHORITIES_ID, USERNAME, ROLE_ID) values (1,'ksh',2);
insert  into T_AUTHORITIES(AUTHORITIES_ID, USERNAME, ROLE_ID) values (2,'system',2);
insert  into T_AUTHORITIES(AUTHORITIES_ID, USERNAME, ROLE_ID) values (3,'admin',2);
insert  into T_AUTHORITIES(AUTHORITIES_ID, USERNAME, ROLE_ID) values (4,'user',3);
insert  into T_AUTHORITIES(AUTHORITIES_ID, USERNAME, ROLE_ID) values (5,'system',1);
insert  into T_AUTHORITIES(AUTHORITIES_ID, USERNAME, ROLE_ID) values (6,'system',3);


--INSERT INTO AUTHORITY
--(USERNAME,		AUTHORITY) VALUES
--('ksh',       	'ROLE_SYSTEM'),
--('ksh',       	'ROLE_ADMIN'),
--('ksh',       	'ROLE_USER'),
--('ksh',       	'ROLE_USER2'),
--('ksh',       	'ROLE_USER3'),
--('visualkhh', 	'ROLE_USER'),
--('hhk',       	'ROLE_USER'),
--('aaa',       	'ROLE_USER'),
--('bbb',       	'ROLE_USER'),
--('ccc',       	'ROLE_USER'),
--('ddd',       	'ROLE_USER');

INSERT INTO T_BOARD_TYPE(TYPE, NAME, TYPE_DESC) VALUES ('SAMPLE', 'SAMPLE BOARD', '샘플용 게시판입니다.');

INSERT INTO T_BOARD (BOARD_ID, TITLE, CONTENT, VIEW_COUNT, SECRET, DEL_YN, TYPE, CREATED_BY, CREATED_AT ) VALUES (1, 'TITLE', 'CONTENTS', 0, 'N', 'N', 'SAMPLE', 'ksh', '2017-05-10 09:29:29.437');
INSERT INTO T_BOARD (BOARD_ID, TITLE, CONTENT, VIEW_COUNT, SECRET, DEL_YN, TYPE, CREATED_BY, CREATED_AT ) VALUES (2, 'TITLE2', 'CONTENTS2', 0, 'N', 'N', 'SAMPLE', 'ksh', '2017-05-10 09:29:29.437');
INSERT INTO T_BOARD (BOARD_ID, TITLE, CONTENT, VIEW_COUNT, SECRET, DEL_YN, TYPE, CREATED_BY, CREATED_AT ) VALUES (3, 'TITLE333', 'CONTENTS', 0, 'N', 'N', 'SAMPLE', 'aaa', '2017-05-10 09:29:29.437');

INSERT INTO T_COMMON_CODE (GROUP_CD, GROUP_NM, CODE, NAME, SORT, USE_YN) VALUES ('USER_STATUS',	'계정상태', 'NORMAL', 	'활성', '1', 'Y');
INSERT INTO T_COMMON_CODE (GROUP_CD, GROUP_NM, CODE, NAME, SORT, USE_YN) VALUES ('USER_STATUS',	'계정상태', 'ACCOUNT_LOCK', '잠김',	'2', 'Y');
INSERT INTO T_COMMON_CODE (GROUP_CD, GROUP_NM, CODE, NAME, SORT, USE_YN) VALUES ('MENU_GROUP', '메뉴 그룹', 'SYSTEM', '시스템 그룹', '1', 'Y');
INSERT INTO T_COMMON_CODE (GROUP_CD, GROUP_NM, CODE, NAME, SORT, USE_YN) VALUES ('MENU_GROUP', '메뉴 그룹', 'ADMIN', '관리자 그룹', '2', 'Y');
INSERT INTO T_COMMON_CODE (GROUP_CD, GROUP_NM, CODE, NAME, SORT, USE_YN) VALUES ('MENU_GROUP', '메뉴 그룹', 'USER', '사용자 그룹', '3', 'Y');

--('AUTH_GROUP',	'권한 그룹',	'SYSTEM',		'시스템 그룹',	'1',	'Y'),
--('AUTH_GROUP',	'권한 그룹',	'ADMIN',		'관리자 그룹',	'2',	'Y'),
--('AUTH_GROUP',	'권한 그룹',	'USER',			'사용자 그룹',	'3',	'Y'),

INSERT INTO T_COMMON_CODE (GROUP_CD, GROUP_NM, CODE, NAME, SORT, USE_YN) VALUES ('USER_ROLE',	'사용자 롤',	'SYSTEM',		'시스템 접근 권한',	'1',	'Y');
INSERT INTO T_COMMON_CODE (GROUP_CD, GROUP_NM, CODE, NAME, SORT, USE_YN) VALUES ('USER_ROLE',	'사용자 롤',	'ADMIN',		'관리자 접근 권한',	'2',	'Y');
INSERT INTO T_COMMON_CODE (GROUP_CD, GROUP_NM, CODE, NAME, SORT, USE_YN) VALUES ('USER_ROLE',	'사용자 롤',	'USER',			'사용자 접근 권한',	'3',	'Y');

INSERT INTO T_COMMON_CODE (GROUP_CD, GROUP_NM, CODE, NAME, SORT, USE_YN) VALUES ('ZTEST_CODE_1',	'테스트 코드 1',	'1',		'1',	'3',	'Y');
INSERT INTO T_COMMON_CODE (GROUP_CD, GROUP_NM, CODE, NAME, SORT, USE_YN) VALUES ('ZTEST_CODE_1',	'테스트 코드 1',	'2',		'2',	'4',	'Y');
INSERT INTO T_COMMON_CODE (GROUP_CD, GROUP_NM, CODE, NAME, SORT, USE_YN) VALUES ('ZTEST_CODE_1',	'테스트 코드 1',	'3',		'3',	'5',	'Y');
INSERT INTO T_COMMON_CODE (GROUP_CD, GROUP_NM, CODE, NAME, SORT, USE_YN) VALUES ('ZTEST_CODE_1',	'테스트 코드 1',	'4',		'4',	'6',	'Y');
INSERT INTO T_COMMON_CODE (GROUP_CD, GROUP_NM, CODE, NAME, SORT, USE_YN) VALUES ('ZTEST_CODE_1',	'테스트 코드 1',	'5',		'5',	'7',	'Y');
INSERT INTO T_COMMON_CODE (GROUP_CD, GROUP_NM, CODE, NAME, SORT, USE_YN) VALUES ('ZTEST_CODE_1',	'테스트 코드 1',	'6',		'6',	'8',	'Y');
INSERT INTO T_COMMON_CODE (GROUP_CD, GROUP_NM, CODE, NAME, SORT, USE_YN) VALUES ('ZTEST_CODE_1',	'테스트 코드 1',	'7',		'7',	'9',	'Y');
INSERT INTO T_COMMON_CODE (GROUP_CD, GROUP_NM, CODE, NAME, SORT, USE_YN) VALUES ('ZTEST_CODE_1',	'테스트 코드 1',	'8',		'8',	'10',	'Y');
INSERT INTO T_COMMON_CODE (GROUP_CD, GROUP_NM, CODE, NAME, SORT, USE_YN) VALUES ('ZTEST_CODE_1',	'테스트 코드 1',	'9',		'9',	'11',	'Y');
INSERT INTO T_COMMON_CODE (GROUP_CD, GROUP_NM, CODE, NAME, SORT, USE_YN) VALUES ('ZTEST_CODE_1',	'테스트 코드 1',	'10',		'10',	'12',	'Y');
INSERT INTO T_COMMON_CODE (GROUP_CD, GROUP_NM, CODE, NAME, SORT, USE_YN) VALUES ('ZTEST_CODE_1',	'테스트 코드 1',	'11',		'11',	'13',	'Y');
INSERT INTO T_COMMON_CODE (GROUP_CD, GROUP_NM, CODE, NAME, SORT, USE_YN) VALUES ('ZTEST_CODE_1',	'테스트 코드 1',	'12',		'12',	'14',	'Y');
INSERT INTO T_COMMON_CODE (GROUP_CD, GROUP_NM, CODE, NAME, SORT, USE_YN) VALUES ('ZTEST_CODE_1',	'테스트 코드 1',	'13',		'13',	'15',	'Y');

INSERT INTO T_COMMON_CODE (GROUP_CD, GROUP_NM, CODE, NAME, SORT, USE_YN) VALUES ('ZTEST_CODE_2',	'테스트 코드 2',	'1',		'1',	'3',	'Y');
INSERT INTO T_COMMON_CODE (GROUP_CD, GROUP_NM, CODE, NAME, SORT, USE_YN) VALUES ('ZTEST_CODE_2',	'테스트 코드 2',	'2',		'2',	'4',	'Y');
INSERT INTO T_COMMON_CODE (GROUP_CD, GROUP_NM, CODE, NAME, SORT, USE_YN) VALUES ('ZTEST_CODE_2',	'테스트 코드 2',	'3',		'3',	'5',	'Y');
INSERT INTO T_COMMON_CODE (GROUP_CD, GROUP_NM, CODE, NAME, SORT, USE_YN) VALUES ('ZTEST_CODE_2',	'테스트 코드 2',	'4',		'4',	'6',	'Y');
INSERT INTO T_COMMON_CODE (GROUP_CD, GROUP_NM, CODE, NAME, SORT, USE_YN) VALUES ('ZTEST_CODE_2',	'테스트 코드 2',	'5',		'5',	'7',	'Y');
INSERT INTO T_COMMON_CODE (GROUP_CD, GROUP_NM, CODE, NAME, SORT, USE_YN) VALUES ('ZTEST_CODE_2',	'테스트 코드 2',	'6',		'6',	'8',	'Y');
INSERT INTO T_COMMON_CODE (GROUP_CD, GROUP_NM, CODE, NAME, SORT, USE_YN) VALUES ('ZTEST_CODE_2',	'테스트 코드 2',	'7',		'7',	'9',	'Y');
INSERT INTO T_COMMON_CODE (GROUP_CD, GROUP_NM, CODE, NAME, SORT, USE_YN) VALUES ('ZTEST_CODE_2',	'테스트 코드 2',	'8',		'8',	'10',	'Y');
INSERT INTO T_COMMON_CODE (GROUP_CD, GROUP_NM, CODE, NAME, SORT, USE_YN) VALUES ('ZTEST_CODE_2',	'테스트 코드 2',	'9',		'9',	'11',	'Y');
INSERT INTO T_COMMON_CODE (GROUP_CD, GROUP_NM, CODE, NAME, SORT, USE_YN) VALUES ('ZTEST_CODE_2',	'테스트 코드 2',	'10',		'10',	'12',	'Y');
INSERT INTO T_COMMON_CODE (GROUP_CD, GROUP_NM, CODE, NAME, SORT, USE_YN) VALUES ('ZTEST_CODE_2',	'테스트 코드 2',	'11',		'11',	'13',	'Y');
INSERT INTO T_COMMON_CODE (GROUP_CD, GROUP_NM, CODE, NAME, SORT, USE_YN) VALUES ('ZTEST_CODE_2',	'테스트 코드 2',	'12',		'12',	'14',	'Y');
INSERT INTO T_COMMON_CODE (GROUP_CD, GROUP_NM, CODE, NAME, SORT, USE_YN) VALUES ('ZTEST_CODE_2',	'테스트 코드 2',	'13',		'13',	'15',	'Y');
                                                                                                                                                
INSERT INTO T_COMMON_CODE (GROUP_CD, GROUP_NM, CODE, NAME, SORT, USE_YN) VALUES ('ZTEST_CODE_3',	'테스트 코드 3',	'1',		'1',	'3',	'Y');
INSERT INTO T_COMMON_CODE (GROUP_CD, GROUP_NM, CODE, NAME, SORT, USE_YN) VALUES ('ZTEST_CODE_3',	'테스트 코드 3',	'2',		'2',	'4',	'Y');
INSERT INTO T_COMMON_CODE (GROUP_CD, GROUP_NM, CODE, NAME, SORT, USE_YN) VALUES ('ZTEST_CODE_3',	'테스트 코드 3',	'3',		'3',	'5',	'Y');
INSERT INTO T_COMMON_CODE (GROUP_CD, GROUP_NM, CODE, NAME, SORT, USE_YN) VALUES ('ZTEST_CODE_3',	'테스트 코드 3',	'4',		'4',	'6',	'Y');
INSERT INTO T_COMMON_CODE (GROUP_CD, GROUP_NM, CODE, NAME, SORT, USE_YN) VALUES ('ZTEST_CODE_3',	'테스트 코드 3',	'5',		'5',	'7',	'Y');
INSERT INTO T_COMMON_CODE (GROUP_CD, GROUP_NM, CODE, NAME, SORT, USE_YN) VALUES ('ZTEST_CODE_3',	'테스트 코드 3',	'6',		'6',	'8',	'Y');
INSERT INTO T_COMMON_CODE (GROUP_CD, GROUP_NM, CODE, NAME, SORT, USE_YN) VALUES ('ZTEST_CODE_3',	'테스트 코드 3',	'7',		'7',	'9',	'Y');
INSERT INTO T_COMMON_CODE (GROUP_CD, GROUP_NM, CODE, NAME, SORT, USE_YN) VALUES ('ZTEST_CODE_3',	'테스트 코드 3',	'8',		'8',	'10',	'Y');
INSERT INTO T_COMMON_CODE (GROUP_CD, GROUP_NM, CODE, NAME, SORT, USE_YN) VALUES ('ZTEST_CODE_3',	'테스트 코드 3',	'9',		'9',	'11',	'Y');
INSERT INTO T_COMMON_CODE (GROUP_CD, GROUP_NM, CODE, NAME, SORT, USE_YN) VALUES ('ZTEST_CODE_3',	'테스트 코드 3',	'10',		'10',	'12',	'Y');
INSERT INTO T_COMMON_CODE (GROUP_CD, GROUP_NM, CODE, NAME, SORT, USE_YN) VALUES ('ZTEST_CODE_3',	'테스트 코드 3',	'11',		'11',	'13',	'Y');
INSERT INTO T_COMMON_CODE (GROUP_CD, GROUP_NM, CODE, NAME, SORT, USE_YN) VALUES ('ZTEST_CODE_3',	'테스트 코드 3',	'12',		'12',	'14',	'Y');
INSERT INTO T_COMMON_CODE (GROUP_CD, GROUP_NM, CODE, NAME, SORT, USE_YN) VALUES ('ZTEST_CODE_3',	'테스트 코드 3',	'13',		'13',	'15',	'Y');
                                                                                                                                                
INSERT INTO T_COMMON_CODE (GROUP_CD, GROUP_NM, CODE, NAME, SORT, USE_YN) VALUES ('ZTEST_CODE_4',	'테스트 코드 4',	'1',		'1',	'3',	'Y');
INSERT INTO T_COMMON_CODE (GROUP_CD, GROUP_NM, CODE, NAME, SORT, USE_YN) VALUES ('ZTEST_CODE_4',	'테스트 코드 4',	'2',		'2',	'4',	'Y');
INSERT INTO T_COMMON_CODE (GROUP_CD, GROUP_NM, CODE, NAME, SORT, USE_YN) VALUES ('ZTEST_CODE_4',	'테스트 코드 4',	'3',		'3',	'5',	'Y');
INSERT INTO T_COMMON_CODE (GROUP_CD, GROUP_NM, CODE, NAME, SORT, USE_YN) VALUES ('ZTEST_CODE_4',	'테스트 코드 4',	'4',		'4',	'6',	'Y');
INSERT INTO T_COMMON_CODE (GROUP_CD, GROUP_NM, CODE, NAME, SORT, USE_YN) VALUES ('ZTEST_CODE_4',	'테스트 코드 4',	'5',		'5',	'7',	'Y');
INSERT INTO T_COMMON_CODE (GROUP_CD, GROUP_NM, CODE, NAME, SORT, USE_YN) VALUES ('ZTEST_CODE_4',	'테스트 코드 4',	'6',		'6',	'8',	'Y');
INSERT INTO T_COMMON_CODE (GROUP_CD, GROUP_NM, CODE, NAME, SORT, USE_YN) VALUES ('ZTEST_CODE_4',	'테스트 코드 4',	'7',		'7',	'9',	'Y');
INSERT INTO T_COMMON_CODE (GROUP_CD, GROUP_NM, CODE, NAME, SORT, USE_YN) VALUES ('ZTEST_CODE_4',	'테스트 코드 4',	'8',		'8',	'10',	'Y');
INSERT INTO T_COMMON_CODE (GROUP_CD, GROUP_NM, CODE, NAME, SORT, USE_YN) VALUES ('ZTEST_CODE_4',	'테스트 코드 4',	'9',		'9',	'11',	'Y');
INSERT INTO T_COMMON_CODE (GROUP_CD, GROUP_NM, CODE, NAME, SORT, USE_YN) VALUES ('ZTEST_CODE_4',	'테스트 코드 4',	'10',		'10',	'12',	'Y');
INSERT INTO T_COMMON_CODE (GROUP_CD, GROUP_NM, CODE, NAME, SORT, USE_YN) VALUES ('ZTEST_CODE_4',	'테스트 코드 4',	'11',		'11',	'13',	'Y');
INSERT INTO T_COMMON_CODE (GROUP_CD, GROUP_NM, CODE, NAME, SORT, USE_YN) VALUES ('ZTEST_CODE_4',	'테스트 코드 4',	'12',		'12',	'14',	'Y');
INSERT INTO T_COMMON_CODE (GROUP_CD, GROUP_NM, CODE, NAME, SORT, USE_YN) VALUES ('ZTEST_CODE_4',	'테스트 코드 4',	'13',		'13',	'15',	'Y');

INSERT INTO T_MENU(MENU_ID, MENU_GRP_CD, PARENT_ID, D_LEVEL, SORT, USE_YN, TARGET_BLANK, VIEW_ANONY, MENU_NM, PROG_URL) VALUES (1,		'SYSTEM', null,	0, 0,	'Y', 'N', 'Y', 'Main', '/sample');
INSERT INTO T_MENU(MENU_ID, MENU_GRP_CD, PARENT_ID, D_LEVEL, SORT, USE_YN, TARGET_BLANK, VIEW_ANONY, MENU_NM, PROG_URL) VALUES (2,		'SYSTEM', null, 0, 1,	'Y', 'N', 'N', 'Menu Mng', '/system/menuMng');
INSERT INTO T_MENU(MENU_ID, MENU_GRP_CD, PARENT_ID, D_LEVEL, SORT, USE_YN, TARGET_BLANK, VIEW_ANONY, MENU_NM, PROG_URL) VALUES (3,		'SYSTEM', null, 0, 2,	'Y', 'N', 'N', 'Board Mng', '/system/boardMng');
INSERT INTO T_MENU(MENU_ID, MENU_GRP_CD, PARENT_ID, D_LEVEL, SORT, USE_YN, TARGET_BLANK, VIEW_ANONY, MENU_NM, PROG_URL) VALUES (4,		'SYSTEM', null, 0, 3,	'Y', 'N', 'N', 'Board', '/board/SAMPLE');
INSERT INTO T_MENU(MENU_ID, MENU_GRP_CD, PARENT_ID, D_LEVEL, SORT, USE_YN, TARGET_BLANK, VIEW_ANONY, MENU_NM, PROG_URL) VALUES (5,		'SYSTEM', null, 0, 4,	'Y', 'N', 'N', 'Pagination', '/sample/paging');
INSERT INTO T_MENU(MENU_ID, MENU_GRP_CD, PARENT_ID, D_LEVEL, SORT, USE_YN, TARGET_BLANK, VIEW_ANONY, MENU_NM, PROG_URL) VALUES (6,		'SYSTEM', null, 0, 5,	'Y', 'N', 'N', 'Locale', '/sample/locale');
INSERT INTO T_MENU(MENU_ID, MENU_GRP_CD, PARENT_ID, D_LEVEL, SORT, USE_YN, TARGET_BLANK, VIEW_ANONY, MENU_NM, PROG_URL) VALUES (7,		'SYSTEM', null, 0, 6,	'Y', 'N', 'N', 'Validate', '/sample/valid');
INSERT INTO T_MENU(MENU_ID, MENU_GRP_CD, PARENT_ID, D_LEVEL, SORT, USE_YN, TARGET_BLANK, VIEW_ANONY, MENU_NM, PROG_URL) VALUES (8,		'SYSTEM', null, 0, 7,	'Y', 'N', 'N', 'CommonCode Mng', '/system/code');
INSERT INTO T_MENU(MENU_ID, MENU_GRP_CD, PARENT_ID, D_LEVEL, SORT, USE_YN, TARGET_BLANK, VIEW_ANONY, MENU_NM, PROG_URL) VALUES (9,		'SYSTEM', null,	0, 8,	'Y', 'N', 'N', 'EhCache', '/sample/cache');
INSERT INTO T_MENU(MENU_ID, MENU_GRP_CD, PARENT_ID, D_LEVEL, SORT, USE_YN, TARGET_BLANK, VIEW_ANONY, MENU_NM, PROG_URL) VALUES (10,	'SYSTEM', null, 0, 9,	'Y', 'N', 'N', 'File', '/sample/file');
INSERT INTO T_MENU(MENU_ID, MENU_GRP_CD, PARENT_ID, D_LEVEL, SORT, USE_YN, TARGET_BLANK, VIEW_ANONY, MENU_NM, PROG_URL) VALUES (11,	'SYSTEM', null, 0, 10,	'Y', 'Y', 'N', 'H2 Console', '/h2-console');
INSERT INTO T_MENU(MENU_ID, MENU_GRP_CD, PARENT_ID, D_LEVEL, SORT, USE_YN, TARGET_BLANK, VIEW_ANONY, MENU_NM, PROG_URL) VALUES (12,	'SYSTEM', null, 0, 11,	'Y', 'N', 'N', 'Actuator', '#');
INSERT INTO T_MENU(MENU_ID, MENU_GRP_CD, PARENT_ID, D_LEVEL, SORT, USE_YN, TARGET_BLANK, VIEW_ANONY, MENU_NM, PROG_URL) VALUES (13,	'SYSTEM', 12,	1, 0,	'Y', 'Y', 'N', 'Health', '/actuator/health');
INSERT INTO T_MENU(MENU_ID, MENU_GRP_CD, PARENT_ID, D_LEVEL, SORT, USE_YN, TARGET_BLANK, VIEW_ANONY, MENU_NM, PROG_URL) VALUES (14,	'SYSTEM', 12,	1, 1,	'Y', 'Y', 'N', 'Mappings', '/actuator/mappings');
INSERT INTO T_MENU(MENU_ID, MENU_GRP_CD, PARENT_ID, D_LEVEL, SORT, USE_YN, TARGET_BLANK, VIEW_ANONY, MENU_NM, PROG_URL) VALUES (15,	'SYSTEM', 12,	1, 2,	'Y', 'Y', 'N', 'dump', '/actuator/dump');
INSERT INTO T_MENU(MENU_ID, MENU_GRP_CD, PARENT_ID, D_LEVEL, SORT, USE_YN, TARGET_BLANK, VIEW_ANONY, MENU_NM, PROG_URL) VALUES (16,	'SYSTEM', 12,	1, 3,	'Y', 'Y', 'N', 'beans', '/actuator/beans');
INSERT INTO T_MENU(MENU_ID, MENU_GRP_CD, PARENT_ID, D_LEVEL, SORT, USE_YN, TARGET_BLANK, VIEW_ANONY, MENU_NM, PROG_URL) VALUES (17,	'SYSTEM', 12,	1, 4,	'Y', 'Y', 'N', 'autoConfig', '/actuator/autoconfig');
INSERT INTO T_MENU(MENU_ID, MENU_GRP_CD, PARENT_ID, D_LEVEL, SORT, USE_YN, TARGET_BLANK, VIEW_ANONY, MENU_NM, PROG_URL) VALUES (18,	'SYSTEM', 12,	1, 5,	'Y', 'Y', 'N', 'env', '/actuator/env');
INSERT INTO T_MENU(MENU_ID, MENU_GRP_CD, PARENT_ID, D_LEVEL, SORT, USE_YN, TARGET_BLANK, VIEW_ANONY, MENU_NM, PROG_URL) VALUES (19,	'SYSTEM', 12,	1, 6,	'Y', 'Y', 'N', 'info', '/actuator/info');
INSERT INTO T_MENU(MENU_ID, MENU_GRP_CD, PARENT_ID, D_LEVEL, SORT, USE_YN, TARGET_BLANK, VIEW_ANONY, MENU_NM, PROG_URL) VALUES (20,	'SYSTEM', 12,	1, 7,	'Y', 'Y', 'N', 'trace', '/actuator/trace');
INSERT INTO T_MENU(MENU_ID, MENU_GRP_CD, PARENT_ID, D_LEVEL, SORT, USE_YN, TARGET_BLANK, VIEW_ANONY, MENU_NM, PROG_URL) VALUES (21,	'SYSTEM', 12,	1, 8,	'Y', 'Y', 'N', 'auditevents', '/actuator/auditevents');
INSERT INTO T_MENU(MENU_ID, MENU_GRP_CD, PARENT_ID, D_LEVEL, SORT, USE_YN, TARGET_BLANK, VIEW_ANONY, MENU_NM, PROG_URL) VALUES (22,	'SYSTEM', 12,	1, 9,	'Y', 'Y', 'N', 'metrics', '/actuator/metrics');
INSERT INTO T_MENU(MENU_ID, MENU_GRP_CD, PARENT_ID, D_LEVEL, SORT, USE_YN, TARGET_BLANK, VIEW_ANONY, MENU_NM, PROG_URL) VALUES (23,	'SYSTEM', 12,	1, 10,	'Y', 'Y', 'N', 'loggers', '/actuator/loggers');
INSERT INTO T_MENU(MENU_ID, MENU_GRP_CD, PARENT_ID, D_LEVEL, SORT, USE_YN, TARGET_BLANK, VIEW_ANONY, MENU_NM, PROG_URL) VALUES (24,	'SYSTEM', 12,	1, 11,	'Y', 'Y', 'N', 'configprops', '/actuator/configprops');


